epoch,time,train/box_loss,train/pose_loss,train/kobj_loss,train/cls_loss,train/l1_loss,train/rle_loss,metrics/precision(B),metrics/recall(B),metrics/mAP50(B),metrics/mAP50-95(B),metrics/precision(P),metrics/recall(P),metrics/mAP50(P),metrics/mAP50-95(P),val/box_loss,val/pose_loss,val/kobj_loss,val/cls_loss,val/l1_loss,val/rle_loss,lr/pg0,lr/pg1,lr/pg2
1,10.8378,1.73777,10.6435,0,1.91263,0.03365,27.4907,0.99785,1,0.995,0.76597,0,0,0,0,0.98824,10.1103,0,0.33822,0.03052,0,0.000619048,0.000619048,0.000619048
2,17.5611,1.14253,9.29467,0,0.46626,0.02064,19.1956,0.95573,1,0.99199,0.62054,0,0,0,0,1.1627,8.0598,0,0.52061,0.03781,0,0.00125389,0.00125389,0.00125389
3,23.0478,1.11014,7.69836,0,0.35283,0.02108,14.3192,0.94226,1,0.9937,0.68011,0.02199,0.01887,0.00056,0.00011,1.0563,5.89552,0,0.32626,0.03337,0,0.00185574,0.00185574,0.00185574
4,28.1782,1.09323,7.12041,0,0.37396,0.02029,12.1525,0.9983,1,0.995,0.52237,0,0,0,0,2.18978,5.98711,0,0.76246,0.07608,0,0.0018515,0.0018515,0.0018515
5,35.3161,1.21307,6.65224,0,0.35708,0.02394,11.3247,0.99869,1,0.995,0.76312,0.15074,0.15094,0.0234,0.00449,1.11953,5.72992,0,0.30869,0.03762,0,0.001802,0.001802,0.001802
6,41.0263,1.10282,5.82119,0,0.35422,0.0206,9.88393,0.99849,1,0.995,0.82847,0.69704,0.69811,0.54506,0.08454,0.83453,3.92315,0,0.2078,0.02588,0,0.0017525,0.0017525,0.0017525
7,48.0911,0.99905,5.66165,0,0.33947,0.02001,9.4797,0.99848,1,0.995,0.78731,0.24964,0.24528,0.13766,0.01761,1.00334,4.20856,0,0.2714,0.03215,0,0.001703,0.001703,0.001703
8,53.1959,0.98733,5.19434,0,0.33823,0.0178,8.77577,0.99861,1,0.995,0.78916,0.28263,0.28302,0.12561,0.02005,0.76588,5.05537,0,0.2029,0.02301,0,0.0016535,0.0016535,0.0016535
9,59.0572,0.94449,4.61371,0,0.31445,0.01566,7.70505,0.99774,1,0.995,0.81826,0.62121,0.62264,0.40961,0.06664,0.79172,4.23023,0,0.21149,0.02447,0,0.001604,0.001604,0.001604
10,65.1384,0.93074,4.91402,0,0.34111,0.01686,7.96096,0.9976,1,0.995,0.80722,0.67758,0.67925,0.45849,0.10346,0.785,3.49767,0,0.22155,0.02427,0,0.0015545,0.0015545,0.0015545
11,70.3472,0.98438,4.8532,0,0.31221,0.01859,7.96667,0.87232,1,0.97646,0.82663,0.48435,0.56604,0.29766,0.04145,0.86048,3.72803,0,0.72207,0.0255,0,0.001505,0.001505,0.001505
12,77.6615,0.95653,4.72712,0,0.33442,0.01585,7.4247,0.99695,1,0.995,0.78317,0.79003,0.79245,0.70171,0.15405,1.1365,3.65983,0,0.37537,0.03575,0,0.0014555,0.0014555,0.0014555
13,82.7783,0.84143,4.63156,0,0.33574,0.01511,7.24526,0.99596,1,0.995,0.82507,0.92178,0.92453,0.90907,0.30114,0.72333,2.92169,0,0.27533,0.02145,0,0.001406,0.001406,0.001406
14,89.3267,0.84523,4.13355,0,0.29074,0.015,6.45973,0.99847,1,0.995,0.75197,0.92311,0.92453,0.89874,0.23535,0.99652,3.29668,0,0.36654,0.03149,0,0.0013565,0.0013565,0.0013565
15,94.7503,0.85664,3.889,0,0.29745,0.01602,6.36544,0.99868,1,0.995,0.83924,0.90447,0.90566,0.88365,0.19362,0.68537,3.47401,0,0.18338,0.02058,0,0.001307,0.001307,0.001307
16,100.161,0.83375,4.04064,0,0.28944,0.01479,6.34835,0.99885,1,0.995,0.81577,0.99885,1,0.995,0.31405,0.84718,2.79496,0,0.20644,0.02637,0,0.0012575,0.0012575,0.0012575
17,107.293,0.78816,3.78906,0,0.27189,0.01329,6.18614,0.99886,1,0.995,0.87893,0.99886,1,0.995,0.33586,0.44378,3.08118,0,0.12919,0.01306,0,0.001208,0.001208,0.001208
18,112.523,0.78308,3.88579,0,0.32503,0.014,6.64239,0.99887,1,0.995,0.8612,0.99887,1,0.995,0.31639,0.71303,3.19767,0,0.18247,0.02191,0,0.0011585,0.0011585,0.0011585
19,119.34,0.69311,3.7314,0,0.26396,0.01152,6.1013,0.99889,1,0.995,0.88141,0.99889,1,0.995,0.38085,0.70177,2.81833,0,0.1986,0.02108,0,0.001109,0.001109,0.001109
20,124.5,0.71315,3.42303,0,0.26579,0.01238,5.60249,0.99888,1,0.995,0.83607,0.99888,1,0.995,0.4036,0.66713,2.54833,0,0.17544,0.02028,0,0.0010595,0.0010595,0.0010595
21,130.589,0.77798,3.48887,0,0.3161,0.01303,5.69588,0.99887,1,0.995,0.87839,0.99887,1,0.995,0.37302,0.69394,2.65959,0,0.17242,0.02046,0,0.00101,0.00101,0.00101
22,137.323,0.69555,3.41958,0,0.2588,0.0117,5.26933,0.99886,1,0.995,0.89864,0.99886,1,0.995,0.38967,0.50912,2.57754,0,0.16539,0.01536,0,0.0009605,0.0009605,0.0009605
23,142.476,0.63929,3.29292,0,0.26465,0.01132,5.53976,0.99888,1,0.995,0.84682,0.99888,1,0.995,0.35763,0.63487,2.64967,0,0.18159,0.0191,0,0.000911,0.000911,0.000911
24,149.258,0.66751,3.5043,0,0.25696,0.01124,5.25142,0.99891,1,0.995,0.84418,0.99891,1,0.995,0.40235,0.75318,2.48437,0,0.21169,0.02293,0,0.0008615,0.0008615,0.0008615
25,154.346,0.69524,3.35271,0,0.26837,0.01334,5.70689,0.99891,1,0.995,0.90128,0.99891,1,0.995,0.38833,0.46146,2.57445,0,0.12961,0.01363,0,0.000812,0.000812,0.000812
26,160.681,0.67281,3.23793,0,0.2505,0.01142,5.10114,0.99891,1,0.995,0.88063,0.99891,1,0.995,0.40199,0.58268,2.51067,0,0.1557,0.01694,0,0.0007625,0.0007625,0.0007625
27,167.173,0.68154,3.3462,0,0.24467,0.01196,5.36883,0.99891,1,0.995,0.90336,0.99891,1,0.995,0.41727,0.46397,2.52222,0,0.16491,0.01369,0,0.000713,0.000713,0.000713
28,172.39,0.66225,3.23354,0,0.23369,0.01152,5.18324,0.99892,1,0.995,0.90528,0.99892,1,0.995,0.4169,0.4991,2.47764,0,0.14831,0.01487,0,0.0006635,0.0006635,0.0006635
29,179.034,0.66969,3.11995,0,0.24194,0.01124,5.02256,0.99892,1,0.995,0.897,0.99892,1,0.995,0.40758,0.68017,2.3774,0,0.19139,0.01969,0,0.000614,0.000614,0.000614
30,183.991,0.67703,3.25264,0,0.23949,0.01167,5.014,0.99892,1,0.995,0.87738,0.99892,1,0.995,0.39846,0.62212,2.42062,0,0.17561,0.01859,0,0.0005645,0.0005645,0.0005645
31,194.071,0.60528,2.6124,0,0.23033,0.01502,5.4112,0.99891,1,0.995,0.9084,0.99891,1,0.995,0.40201,0.42692,2.38398,0,0.12696,0.0126,0,0.000515,0.000515,0.000515
32,199.674,0.5578,2.56748,0,0.20675,0.01425,5.56983,0.99888,1,0.995,0.86858,0.99888,1,0.995,0.40023,0.75706,2.35378,0,0.19042,0.02401,0,0.0004655,0.0004655,0.0004655
33,206.582,0.55756,2.49805,0,0.22208,0.01469,5.83551,0.99886,1,0.995,0.89014,0.99886,1,0.995,0.40555,0.48033,2.32069,0,0.14714,0.01415,0,0.000416,0.000416,0.000416
34,211.572,0.50046,2.50842,0,0.16634,0.01218,5.27728,0.99882,1,0.995,0.90086,0.99882,1,0.995,0.41655,0.49994,2.34751,0,0.15549,0.01494,0,0.0003665,0.0003665,0.0003665
35,217.238,0.50064,2.47153,0,0.16048,0.01281,5.4663,0.99879,1,0.995,0.89628,0.99879,1,0.995,0.40937,0.52831,2.32214,0,0.16259,0.01555,0,0.000317,0.000317,0.000317
36,223.436,0.47528,2.41918,0,0.13896,0.01221,5.19926,0.99878,1,0.995,0.90473,0.99878,1,0.995,0.41259,0.47712,2.29618,0,0.1528,0.01369,0,0.0002675,0.0002675,0.0002675
37,228.406,0.52971,2.41755,0,0.14758,0.01326,5.20397,0.99879,1,0.995,0.90891,0.99879,1,0.995,0.41132,0.372,2.30446,0,0.11088,0.01078,0,0.000218,0.000218,0.000218
38,235.602,0.4742,2.40707,0,0.14458,0.0118,5.16602,0.99878,1,0.995,0.90452,0.99878,1,0.995,0.39888,0.39686,2.30576,0,0.14631,0.01154,0,0.0001685,0.0001685,0.0001685
39,240.577,0.47518,2.37968,0,0.13833,0.01174,4.86113,0.99876,1,0.995,0.91335,0.99876,1,0.995,0.40712,0.44594,2.28719,0,0.12587,0.01291,0,0.000119,0.000119,0.000119
40,246.839,0.41795,2.49316,0,0.13043,0.01009,5.03403,0.99875,1,0.995,0.91115,0.99875,1,0.995,0.40849,0.45696,2.28148,0,0.12831,0.0132,0,6.95e-05,6.95e-05,6.95e-05
